loss,evil,despair,courage,heroism,hope
0.7247698124586128,0.3346407441679007,0.2648075387362156,0.6912561215636298,0.6176909925636109,0.4343321297123412
